<annotation>
	<folder>lesion</folder>
	<filename>train/Type_1/0</filename>
	<source>
		<database>Source</database>
	</source>
	<size>
		<width>2448</width>
		<height>3264</height>
		<depth>3</depth>
	</size>
	<segmented>0</segmented>
	<object>
		<name>lesion</name>
		<pose>Unspecified</pose>
		<truncated>0</truncated>
		<difficult>0</difficult>
		<bndbox>
			<xmin>882.0</xmin>
			<ymin>961.0</ymin>
			<xmax>1924.0</xmax>
			<ymax>2067.0</ymax>
		</bndbox>
	</object>
	<object>
		<name>lesion</name>
		<pose>Unspecified</pose>
		<truncated>0</truncated>
		<difficult>0</difficult>
		<bndbox>
			<xmin>882.0</xmin>
			<ymin>961.0</ymin>
			<xmax>1924.0</xmax>
			<ymax>2067.0</ymax>
		</bndbox>
	</object></annotation>